<?xml version="1.0" encoding="utf-8"?>
<!--
    JBZoo App is universal Joomla CCK, application for YooTheme Zoo component

    @package     jbzoo
    @version     2.x Pro
    @author      JBZoo App http://jbzoo.com
    @copyright   Copyright (C) JBZoo.com,  All rights reserved.
    @license     http://jbzoo.com/license-pro.php JBZoo Licence
    @coder       Alexander Oganov <t_tapak@yahoo.com>
-->
<element type="element" group="Core" hidden="false">
    <name>post</name>
    <author>CB9TOIIIA</author>
    <creationDate>2015</creationDate>
    <copyright>Copyright (C)</copyright>
    <authorEmail>cb9toiiia@gmail.com</authorEmail>
    <authorUrl>http://cb9t.ru</authorUrl>
    <version>1.0</version>
    <description>post admin comment</description>

    <params>

        <param name="textpost" type="text" default="" label="textpost" description="textpost" />
    </params>

</element>
